Model,MAE,RMSE
Linear Regression,38.82881558802628,46.96675789885295
XGBoost,38.44437294628456,46.77859838265637
ARIMA,56.701838809767025,71.29509178398314
